id,prénom,nom,nom_complet,genre,annee_naissance,municipalité,région,lieu,lat,long
49195,Alice,Abou-Khalil,Alice Abou-Khalil,f,1971,,,Liban,,
41792,Simon,Allaire,Simon Allaire,m,1977,Sorel-Tracy,Montérégie,Québec,46.044404,-73.104744
98330,Dominique,Anglade,Dominique Anglade,f,1974,Montréal,Montréal,Québec,45.5031824,-73.5698065
87109,Pierre,Arcand,Pierre Arcand,m,1951,Saint-Hyacinthe,Montérégie,Québec,45.627484,-72.940636
61870,Damien,Arsenault,Damien Arsenault,m,1960,Saint-Elzéar,Chaudière-Appalaches,Québec,46.408511,-71.061287
94074,Joël,Arseneau,Joël Arseneau,m,1965,Cap-aux-Meules,Gaspésie–Îles-de-la-Madeleine,Québec,47.377501,-61.8661738
58256,Maxime,Arseneau,Maxime Arseneau,m,1949,Havre-aux-Maisons,Gaspésie–Îles-de-la-Madeleine,Québec,47.403573,-61.7959076
65295,Mario,Asselin,Mario Asselin,m,1965,,,,,
99893,Vincent,Auclair,Vincent Auclair,m,1965,Laval,Laval,Québec,45.60558895,-73.73456014508847
53112,Michel,Audet,Michel Audet,m,1940,Jonquière,Saguenay–Lac-Saint-Jean,Québec,48.4342285,-71.2542735965741
57606,Pierre-Michel,Auger,Pierre-Michel Auger,m,1963,Shawinigan,Mauricie,Québec,46.5396581,-72.7518637
95581,Jean-Martin,Aussant,Jean-Martin Aussant,m,1970,Sorel,Montérégie,Québec,46.044404,-73.104744
32441,André,Bachand,André Bachand,m,1961,Québec,Capitale-Nationale,Québec,46.8137431,-71.2084061
73573,Claude,Bachand,Claude Bachand,m,1956,Montréal,Montréal,Québec,45.5031824,-73.5698065
51010,Raymond,Bachand,Raymond Bachand,m,1947,Montréal,Montréal,Québec,45.5031824,-73.5698065
16683,Diane,Barbeau,Diane Barbeau,f,1961,Baie-Comeau,Côte-Nord,Québec,49.2118373,-68.1801406
51067,Gilles,Baril,Gilles Baril,m,1957,Saint-Eugène-de-Guigues,Abitibi-Témiscamingue,Québec,47.512563,-79.352875
68189,Jacques,Baril,Jacques Baril,m,1942,Princeville,Centre-du-Québec,Québec,46.1722898,-71.8751852
62545,Gaétan,Barrette,Gaétan Barrette,m,1956,La Tuque,Mauricie,Québec,47.441092,-72.78511
93404,Line,Beauchamp,Line Beauchamp,f,1963,Salaberry-de-Valleyfield,Montérégie,Québec,45.2555575,-74.1316718
26727,Frédéric,Beauchemin,Frédéric Beauchemin,m,,,,,,
36024,Denise,Beaudoin,Denise Beaudoin,f,1949,Lachute,Laurentides,Québec,45.6560478,-74.3401388
66831,Louise,Beaudoin,Louise Beaudoin,f,1945,Québec,Capitale-Nationale,Québec,46.8137431,-71.2084061
70812,François,Beaulne,François Beaulne,m,1946,Ottawa,,Ontario,,
21174,Yves,Beaumier,Yves Beaumier,m,1942,Trois-Rivières,Mauricie,Québec,46.3432325,-72.5428485
41515,Pascal,Beaupré,Pascal Beaupré,m,1983,Joliette,Lanaudière,Québec,46.0239798,-73.4419936
90245,Claude,Béchard,Claude Béchard,m,1969,Saint-Philippe-de-Néri,Bas-Saint-Laurent,Québec,47.468486,-69.88472
55890,Stéphane,Bédard,Stéphane Bédard,m,1968,Chicoutimi,Saguenay–Lac-Saint-Jean,Québec,48.3370248,-71.12352613559267
30587,Paul,Bégin,Paul Bégin,m,1943,Dolbeau,Saguenay–Lac-Saint-Jean,Québec,48.8770098,-72.2302039
81785,Gilles,Bélanger,Gilles Bélanger,m,1958,Saint-Laurent,Montréal,Québec,45.5088774,-73.6875187
59683,Madeleine,Bélanger,Madeleine Bélanger,f,1932,Saint-Sébastien,Montérégie,Québec,45.1251126,-73.1469091
20132,Sonia,Bélanger,Sonia Bélanger,f,1961,Rimouski,Bas-Saint-Laurent,Québec,48.450155,-68.529968
60362,Marc,Bellemare,Marc Bellemare,m,1956,Saint-Hyacinthe,Montérégie,Québec,45.627484,-72.940636
27972,François,Benjamin,François Benjamin,m,1962,Montréal,Montréal,Québec,45.5031824,-73.5698065
75135,Frantz,Benjamin,Frantz Benjamin,m,1968,,,Haïti,,
14865,Hubert,Benoit,Hubert Benoit,m,1963,Québec,Capitale-Nationale,Québec,46.8137431,-71.2084061
69840,Robert,Benoît,Robert Benoît,m,1944,Saint-Hyacinthe,Montérégie,Québec,45.627484,-72.940636
22281,Jean-Paul,Bergeron,Jean-Paul Bergeron,m,1947,Iberville,Montérégie,Québec,45.3039219,-73.2297415
36683,Stéphane,Bergeron,Stéphane Bergeron,m,1965,Montréal,Montréal,Québec,45.5031824,-73.5698065
28983,Lawrence,Bergman,Lawrence Bergman,m,1940,Montréal,Montréal,Québec,45.5031824,-73.5698065
81043,Daniel,Bernard,Daniel Bernard,m,1959,Disraeli,Chaudière-Appalaches,Québec,45.9049116,-71.3596454
24043,Raymond,Bernier,Raymond Bernier,m,1952,Québec,Capitale-Nationale,Québec,46.8137431,-71.2084061
10185,Roger,Bertrand,Roger Bertrand,m,1947,Donnacona,Capitale-Nationale,Québec,46.676532,-71.73008
97559,Rosaire,Bertrand,Rosaire Bertrand,f,1936,Saint-Fabien-de-Panet,Chaudière-Appalaches,Québec,46.655092,-70.147018
48311,Pascal,Bérubé,Pascal Bérubé,m,1975,Matane,Bas-Saint-Laurent,Québec,48.8468773,-67.5295498
62741,Stéphane,Billette,Stéphane Billette,m,1971,Howick,Montérégie,Québec,45.1849035,-73.8490597
95391,David,Birnbaum,David Birnbaum,m,1956,Montréal,Montréal,Québec,45.5031824,-73.5698065
44089,Martine,Biron,Martine Biron,f,1962,Montréal,Montréal,Québec,45.5031824,-73.5698065
12237,Michel,Bissonnet,Michel Bissonnet,m,1942,Montréal,Montréal,Québec,45.5031824,-73.5698065
14766,Karl,Blackburn,Karl Blackburn,m,1967,Chicoutimi,Saguenay–Lac-Saint-Jean,Québec,48.3370248,-71.12352613559267
64318,François,Blais,François Blais,m,1961,Saint-Patrice-de-Beaurivage,Chaudière-Appalaches,Québec,46.411352,-71.237411
61917,Marguerite,Blais,Marguerite Blais,f,1950,Montréal,Montréal,Québec,45.5031824,-73.5698065
30155,Suzanne,Blais,Suzanne Blais,f,,Taschereau,Abitibi-Témiscamingue,Québec,48.6626064,-78.6830135
51776,Manon,Blanchet,Manon Blanchet,f,1968,Montréal,Montréal,Québec,45.5031824,-73.5698065
62953,Yves-François,Blanchet,Yves-François Blanchet,m,1965,Drummondville,Centre-du-Québec,Québec,45.8864303,-72.5018764
81540,Luc,Blanchette,Luc Blanchette,m,1960,Trois-Rivières,Mauricie,Québec,46.3432325,-72.5428485
35448,Maïté,Blanchette Vézina,Maïté Blanchette Vézina,f,1985,Montmagny,Chaudière-Appalaches,Québec,46.9826328,-70.555916
24982,Catherine,Blouin,Catherine Blouin,f,1986,Saint-Jérôme,Laurentides,Québec,45.775426,-74.013176
23806,Audrey,Bogemans,Audrey Bogemans,f,1989,Saint-Sébastien,Montérégie,Québec,45.1251126,-73.1469091
25450,André,Boisclair,André Boisclair,m,1966,Montréal,Montréal,Québec,45.5031824,-73.5698065
95941,Karine,Boivin Roy,Karine Boivin Roy,f,1971,Chicoutimi,Saguenay–Lac-Saint-Jean,Québec,48.3370248,-71.12352613559267
38100,Ghislain,Bolduc,Ghislain Bolduc,m,1952,Sherbrooke,Estrie,Québec,45.403271,-71.889038
89604,Yves,Bolduc,Yves Bolduc,m,1957,Alma,Saguenay–Lac-Saint-Jean,Québec,48.548887,-71.651459
28553,François,Bonnardel,François Bonnardel,m,1968,Verdun,Montréal,Québec,45.459078,-73.5731774
42548,Yvan,Bordeleau,Yvan Bordeleau,m,1942,La Sarre,Abitibi-Témiscamingue,Québec,48.8000956,-79.2010223
40437,Haroun,Bouazzi,Haroun Bouazzi,m,1979,,,Tunisie,,
74193,Camil,Bouchard,Camil Bouchard,m,1945,La Tuque,Mauricie,Québec,47.441092,-72.78511
40468,Daniel,Bouchard,Daniel Bouchard,m,1968,Québec,Capitale-Nationale,Québec,46.8137431,-71.2084061
90308,Lucien,Bouchard,Lucien Bouchard,m,1938,Saint-Coeur-de-Marie,Saguenay–Lac-Saint-Jean,Québec,48.6323011,-71.6963716
80864,Claude,Boucher,Claude Boucher,m,1942,Bromptonville,Estrie,Québec,45.472358,-71.9452752
57239,Etienne-Alexis,Boucher,Etienne-Alexis Boucher,m,1978,Sherbrooke,Estrie,Québec,45.403271,-71.889038
31054,Jean,Boucher,Jean Boucher,m,1962,Trois-Rivières,Mauricie,Québec,46.3432325,-72.5428485
48243,Marie,Bouillé,Marie Bouillé,f,1958,Montréal,Montréal,Québec,45.5031824,-73.5698065
63458,André,Boulerice,André Boulerice,m,1946,Joliette,Lanaudière,Québec,46.0239798,-73.4419936
72524,Jean,Boulet,Jean Boulet,m,,Saint-Tite,Mauricie,Québec,46.7285322,-72.5646675
27350,Julie,Boulet,Julie Boulet,f,1959,Saint-Tite,Mauricie,Québec,46.7285322,-72.5646675
56013,Marc,Boulianne,Marc Boulianne,m,1941,Tadoussac,Côte-Nord,Québec,48.1433429,-69.7174574
11696,Kariane,Bourassa,Kariane Bourassa,f,1991,Drummondville,Centre-du-Québec,Québec,45.8864303,-72.5018764
72314,André,Bourbeau,André Bourbeau,m,1936,Verdun,Montréal,Québec,45.459078,-73.5731774
72111,Marc,Bourcier,Marc Bourcier,m,1957,Saint-Jérôme,Laurentides,Québec,45.775426,-74.013176
51296,Alexandre,Bourdeau,Alexandre Bourdeau,m,1978,Le Gardeur,Lanaudière,Québec,45.7510604,-73.4702203
57154,Guy,Bourgeois,Guy Bourgeois,m,1958,Amos,Abitibi-Témiscamingue,Québec,48.5718519,-78.1160856
75943,Joëlle,Boutin,Joëlle Boutin,f,1979,Dolbeau,Saguenay–Lac-Saint-Jean,Québec,48.8770098,-72.2302039
69194,Jacques,Brassard,Jacques Brassard,m,1940,Alma,Saguenay–Lac-Saint-Jean,Québec,48.548887,-71.651459
87985,Daniel,Breton,Daniel Breton,m,1962,Montréal,Montréal,Québec,45.5031824,-73.5698065
41222,Bernard,Brodeur,Bernard Brodeur,m,1956,Granby,Estrie,Québec,45.3990409,-72.721834
13132,Raymond,Brouillet,Raymond Brouillet,m,1933,Montréal,Montréal,Québec,45.5031824,-73.5698065
36431,Léo,Bureau-Blouin,Léo Bureau-Blouin,m,1991,Montréal,Montréal,Québec,45.5031824,-73.5698065
53132,Paul,Busque,Paul Busque,m,1960,Saint-Benoit-Labre,Chaudière-Appalaches,Québec,46.070134,-70.791435
32051,Robert,Bussière,Robert Bussière,m,1955,Otter Lake,Outaouais,Québec,45.8490678,-76.4300477
20291,Madwa-Nika,Cadet,Madwa-Nika Cadet,f,1990,Montréal,Montréal,Québec,45.5031824,-73.5698065
91294,Éric,Caire,Éric Caire,m,1965,Sorel,Montérégie,Québec,46.044404,-73.104744
44751,Martin,Camirand,Martin Camirand,m,1965,Saint-Jérôme,Laurentides,Québec,45.775426,-74.013176
25322,Richard,Campeau,Richard Campeau,m,1954,Montréal,Montréal,Québec,45.5031824,-73.5698065
18419,Serge,Cardin,Serge Cardin,m,1950,Sherbrooke,Estrie,Québec,45.403271,-71.889038
74200,Lionel,Carmant,Lionel Carmant,m,1965,,,Haïti,,
35410,Jocelyne,Caron,Jocelyne Caron,f,1951,Verdun,Montréal,Québec,45.459078,-73.5731774
30777,Linda,Caron,Linda Caron,f,1966,Montréal,Montréal,Québec,45.5031824,-73.5698065
78850,Vincent,Caron,Vincent Caron,m,1969,Béthune,,France,,
51286,Denise,Carrier-Perreault,Denise Carrier-Perreault,f,1946,Lévis,Chaudière-Appalaches,Québec,46.8033114,-71.1778792
20664,Marc,Carrière,Marc Carrière,m,1964,Buckingham,Outaouais,Québec,45.5864671,-75.4168252
63116,Jacques,Chagnon,Jacques Chagnon,m,1952,Montréal,Montréal,Québec,45.5031824,-73.5698065
80733,Noëlla,Champagne,Noëlla Champagne,f,1944,Saint-Tite,Mauricie,Québec,46.7285322,-72.5646675
23480,Kateri,Champagne Jourdain,Kateri Champagne Jourdain,f,1981,Sept-Îles,Côte-Nord,Québec,50.2109579,-66.3790642
40219,Gilles,Chapadeau,Gilles Chapadeau,m,1960,Québec,Capitale-Nationale,Québec,46.8137431,-71.2084061
69802,Éric,Charbonneau,Éric Charbonneau,m,1969,Montréal,Montréal,Québec,45.5031824,-73.5698065
50550,Francine,Charbonneau,Francine Charbonneau,f,1962,Montréal,Montréal,Québec,45.5031824,-73.5698065
41164,Jean-Pierre,Charbonneau,Jean-Pierre Charbonneau,m,1950,Saint-Eustache,Laurentides,Québec,45.5646052,-73.8929714
89010,Isabelle,Charest,Isabelle Charest,f,1971,Rimouski,Bas-Saint-Laurent,Québec,48.450155,-68.529968
96194,Jean,Charest,Jean Charest,m,1958,Sherbrooke,Estrie,Québec,45.403271,-71.889038
92540,Nancy,Charest,Nancy Charest,f,1959,Matane,Bas-Saint-Laurent,Québec,48.8468773,-67.5295498
46334,Solange,Charest,Solange Charest,f,1950,Amqui,Bas-Saint-Laurent,Québec,48.4656706,-67.4315171
51427,Benoit,Charette,Benoit Charette,m,1976,Saint-Jérôme,Laurentides,Québec,45.775426,-74.013176
33483,Lucie,Charlebois,Lucie Charlebois,f,1959,Coteau-Station,Montérégie,Québec,45.2785524,-74.229744
13019,MarieChantal,Chassé,MarieChantal Chassé,f,1966,Montréal,Montréal,Québec,45.5031824,-73.5698065
66087,Youri,Chassin,Youri Chassin,m,1977,Sainte-Agathe-des-Monts,Laurentides,Québec,46.046072,-74.279938
82504,André,Chenail,André Chenail,m,1946,Sainte-Clotilde,Montérégie,Québec,45.1571128,-73.6768108
66281,Germain,Chevarie,Germain Chevarie,m,1952,Îles-de-la-Madeleine,Gaspésie–Îles-de-la-Madeleine,Québec,47.3220992,-61.8773745
87797,Guy,Chevrette,Guy Chevrette,m,1940,Saint-Côme,Lanaudière,Québec,46.271037,-73.771477
67265,Roch,Cholette,Roch Cholette,m,1963,Lachine,Montréal,Québec,45.435114,-73.6837987
17106,Enrico,Ciccone,Enrico Ciccone,m,1970,Montréal,Montréal,Québec,45.5031824,-73.5698065
97606,Jean-Marie,Claveau,Jean-Marie Claveau,m,1950,Saint-Félix-d'Otis,Saguenay–Lac-Saint-Jean,Québec,48.273597,-70.626297
20472,Maurice,Clermont,Maurice Clermont,m,1944,Laval,Laval,Québec,45.60558895,-73.73456014508847
15038,David,Cliche,David Cliche,m,1952,Saint-Joseph-de-Beauce,Chaudière-Appalaches,Québec,46.310181,-70.877953
90958,Guillaume,Cliche-Rivard,Guillaume Cliche-Rivard,m,1989,Saint-Jean-sur-Richelieu,Montérégie,Québec,45.3056879,-73.2533401
58291,Alexandre,Cloutier,Alexandre Cloutier,m,1977,Chicoutimi,Saguenay–Lac-Saint-Jean,Québec,48.3370248,-71.12352613559267
14828,Martin,Coiteux,Martin Coiteux,m,1962,Sorel,Montérégie,Québec,46.044404,-73.104744
94202,Russell,Copeman,Russell Copeman,m,1960,Montréal,Montréal,Québec,45.5031824,-73.5698065
94072,Pierre,Corbeil,Pierre Corbeil,m,1955,Saint-Hyacinthe,Montérégie,Québec,45.627484,-72.940636
32828,François,Corriveau,François Corriveau,m,1969,Baie-Comeau,Côte-Nord,Québec,49.2118373,-68.1801406
82050,Jacques,Côté,Jacques Côté,m,1944,Chicoutimi,Saguenay–Lac-Saint-Jean,Québec,48.3370248,-71.12352613559267
89804,Michel,Côté,Michel Côté,m,1937,Petit-Saguenay,Saguenay–Lac-Saint-Jean,Québec,48.21232,-70.070114
50748,Philippe,Couillard,Philippe Couillard,m,1957,Montréal,Montréal,Québec,45.5031824,-73.5698065
46224,Michelle,Courchesne,Michelle Courchesne,f,1953,Trois-Rivières,Mauricie,Québec,46.3432325,-72.5428485
18122,Claude,Cousineau,Claude Cousineau,m,1950,Montréal,Montréal,Québec,45.5031824,-73.5698065
33262,Pierre,Curzi,Pierre Curzi,m,1946,Montréal,Montréal,Québec,45.5031824,-73.5698065
58655,William,Cusano,William Cusano,m,1943,,,Italie,,
30352,Jean,D'Amour,Jean D'Amour,m,1963,Rivière-du-Loup,Bas-Saint-Laurent,Québec,47.8358164,-69.5368025
87557,Sylvie,D'Amours,Sylvie D'Amours,f,1960,Malartic,Abitibi-Témiscamingue,Québec,48.137225,-78.125153
65786,Jean,Damphousse,Jean Damphousse,m,1952,Saint-Paulin,Mauricie,Québec,46.417742,-73.013763
43890,Hélène,Daneault,Hélène Daneault,f,1961,Salaberry-de-Valleyfield,Montérégie,Québec,45.2555575,-74.1316718
10865,Suzanne,Dansereau,Suzanne Dansereau,f,1952,Montréal,Montréal,Québec,45.5031824,-73.5698065
19599,Jacques,Daoust,Jacques Daoust,m,1948,Verdun,Montréal,Québec,45.459078,-73.5731774
72412,Françoise,David,Françoise David,f,1948,Montréal,Montréal,Québec,45.5031824,-73.5698065
82424,Hélène,David,Hélène David,f,1953,Montréal,Montréal,Québec,45.5031824,-73.5698065
24475,Diane,De Courcy,Diane De Courcy,f,,,,,,
58543,Albert,De Martin,Albert De Martin,m,1951,Laval,Laval,Québec,45.60558895,-73.73456014508847
52623,Rita,de Santis,Rita de Santis,f,1954,,,Italie,,
49263,Margaret,Delisle,Margaret Delisle,f,1946,Québec,Capitale-Nationale,Québec,46.8137431,-71.2084061
46758,Gérard,Deltell,Gérard Deltell,m,1964,Québec,Capitale-Nationale,Québec,46.8137431,-71.2084061
30163,Monsef,Derraji,Monsef Derraji,m,1976,Marrakech,,Maroc,,
67823,Pascale,Déry,Pascale Déry,f,1976,Montréal,Montréal,Québec,45.5031824,-73.5698065
64731,Robert,Deschamps,Robert Deschamps,m,1940,Grand-Mère,Mauricie,Québec,46.612894,-72.69516
73159,Pierre,Descoteaux,Pierre Descoteaux,m,1952,Montréal,Montréal,Québec,45.5031824,-73.5698065
96694,Rémy,Désilets,Rémy Désilets,m,1952,Drummondville,Centre-du-Québec,Québec,45.8864303,-72.5018764
21715,Serge,Deslières,Serge Deslières,m,1947,Montréal,Montréal,Québec,45.5031824,-73.5698065
78196,Michel,Després,Michel Després,m,1957,Québec,Capitale-Nationale,Québec,46.8137431,-71.2084061
95250,François,Desrochers,François Desrochers,m,1970,Deux-Montagnes,Laurentides,Québec,45.5372581,-73.9043321
16211,Jean-Paul,Diamond,Jean-Paul Diamond,m,1940,Charette,Mauricie,Québec,46.440696,-72.924156
77460,Simon-Pierre,Diamond,Simon-Pierre Diamond,m,1985,Boucherville,Montérégie,Québec,45.6050197,-73.4526144
37536,Léandre,Dion,Léandre Dion,m,1937,Sainte-Apolline-de-Patton,Chaudière-Appalaches,Québec,46.8069944,-70.195875
85186,Amélie,Dionne,Amélie Dionne,f,1975,Rivière-du-Loup,Bas-Saint-Laurent,Québec,47.8358164,-69.5368025
16390,Rita,Dionne-Marsolais,Rita Dionne-Marsolais,f,1947,Sherbrooke,Estrie,Québec,45.403271,-71.889038
29260,Jean,Domingue,Jean Domingue,m,1962,Montréal,Montréal,Québec,45.5031824,-73.5698065
20488,Catherine,Dorion,Catherine Dorion,f,1982,Québec,Capitale-Nationale,Québec,46.8137431,-71.2084061
33134,Éric,Dorion,Éric Dorion,m,1970,Drummondville,Centre-du-Québec,Québec,45.8864303,-72.5018764
25023,Shirley,Dorismond,Shirley Dorismond,f,1976,Longueuil,Montérégie,Québec,45.521906,-73.4644578
59967,Danielle,Doyer,Danielle Doyer,f,1951,Mont-Joli,Bas-Saint-Laurent,Québec,48.583875,-68.183899
80563,Bernard,Drainville,Bernard Drainville,m,1963,La-Visitation-de-l'Île-Dupas,Lanaudière,Québec,46.105536,-73.12395272759923
63023,André,Drolet,André Drolet,m,1954,Québec,Capitale-Nationale,Québec,46.8137431,-71.2084061
41440,Christian,Dubé,Christian Dubé,m,1958,Québec,Capitale-Nationale,Québec,46.8137431,-71.2084061
68497,Emmanuel,Dubourg,Emmanuel Dubourg,m,1958,,,Haïti,,
73304,Jean,Dubuc,Jean Dubuc,m,1941,Saint-Isidore,Chaudière-Appalaches,Québec,46.585058,-71.090469
49178,Pierre,Duchesne,Pierre Duchesne,m,1964,Jonquière,Saguenay–Lac-Saint-Jean,Québec,48.4342285,-71.2542735965741
52075,Jacques,Duchesneau,Jacques Duchesneau,m,1949,Montréal,Montréal,Québec,45.5031824,-73.5698065
50091,Marjolain,Dufour,Marjolain Dufour,m,1958,Baie-Comeau,Côte-Nord,Québec,49.2118373,-68.1801406
81179,Pierre,Dufour,Pierre Dufour,m,1965,Thetford Mines,Chaudière-Appalaches,Québec,46.091329,-71.30127
27263,Virginie,Dufour,Virginie Dufour,f,1977,Montréal,Montréal,Québec,45.5031824,-73.5698065
92538,Normand,Duguay,Normand Duguay,m,1941,Rivière-au-Tonnerre,Côte-Nord,Québec,50.2757972,-64.7748252
42308,Mario,Dumont,Mario Dumont,m,1970,Cacouna,Bas-Saint-Laurent,Québec,47.9171789,-69.5016092
93528,Jacques,Dupuis,Jacques Dupuis,m,1948,Montréal,Montréal,Québec,45.5031824,-73.5698065
45127,France-Élaine,Duranceau,France-Élaine Duranceau,f,1974,Montréal,Montréal,Québec,45.5031824,-73.5698065
15476,Robert,Dutil,Robert Dutil,m,1950,Saint-Georges,Chaudière-Appalaches,Québec,46.122987,-70.671959
13472,Jean-Bernard,Émond,Jean-Bernard Émond,m,1968,Sainte-Anne-de-Sorel,Montérégie,Québec,46.0565588,-73.0638371
93129,Joseph,Facal,Joseph Facal,m,1961,Montevideo,,Uruguay,,
11288,Luc,Ferland,Luc Ferland,m,1955,Petit-Saguenay,Saguenay–Lac-Saint-Jean,Québec,48.21232,-70.070114
25505,Pierre,Fitzgibbon,Pierre Fitzgibbon,m,1957,Montréal,Montréal,Québec,45.5031824,-73.5698065
84842,Andrés,Fontecilla,Andrés Fontecilla,m,1967,,,Chili,,
78385,André,Fortin,André Fortin,m,1981,Quyon,Outaouais,Québec,45.5204631,-76.2302306
69569,Luc,Fortin,Luc Fortin,m,1982,,,Québec,,
20189,Émilie,Foster,Émilie Foster,f,1980,Baie-Comeau,Côte-Nord,Québec,49.2118373,-68.1801406
92098,Catherine,Fournier,Catherine Fournier,f,1992,Sainte-Julie,Montérégie,Québec,45.5930624,-73.3395943
68585,Jean-Marc,Fournier,Jean-Marc Fournier,m,1959,Châteauguay,Montérégie,Québec,45.3602416,-73.749364
29390,Raymond,Francoeur,Raymond Francoeur,m,1946,Beauport,Capitale-Nationale,Québec,46.90711055,-71.21279691763314
10622,Christine,Fréchette,Christine Fréchette,f,1970,Trois-Rivières,Mauricie,Québec,46.3432325,-72.5428485
47058,André,Gabias,André Gabias,m,1956,Trois-Rivières,Mauricie,Québec,46.3432325,-72.5428485
60852,Diane,Gadoury-Hamelin,Diane Gadoury-Hamelin,f,1951,Montréal,Montréal,Québec,45.5031824,-73.5698065
64639,Gabriel-Yvan,Gagnon,Gabriel-Yvan Gagnon,m,1951,Forestville,Côte-Nord,Québec,48.739437,-69.088211
28915,Yannick,Gagnon,Yannick Gagnon,m,1979,Jonquière,Saguenay–Lac-Saint-Jean,Québec,48.4342285,-71.2542735965741
59836,Monique,Gagnon-Tremblay,Monique Gagnon-Tremblay,f,1940,Plessisville,Centre-du-Québec,Québec,46.23262305,-71.75001921914466
37282,Brigitte,Garceau,Brigitte Garceau,f,1964,Montréal,Montréal,Québec,45.5031824,-73.5698065
88758,Francine,Gaudet,Francine Gaudet,f,1948,Bécancour,Centre-du-Québec,Québec,46.3415746,-72.4335088
48931,François,Gaudreau,François Gaudreau,m,1957,Montréal,Montréal,Québec,45.5031824,-73.5698065
73567,Maryse,Gaudreault,Maryse Gaudreault,f,1959,Neufchâtel,Capitale-Nationale,Québec,46.8442302,-71.3441924
20409,Sylvain,Gaudreault,Sylvain Gaudreault,m,1970,Jonquière,Saguenay–Lac-Saint-Jean,Québec,48.4342285,-71.2542735965741
80137,Françoise,Gauthier,Françoise Gauthier,f,1953,Laterrière,Saguenay–Lac-Saint-Jean,Québec,48.3075097,-71.1133582
36417,Henri-François,Gautrin,Henri-François Gautrin,m,1943,Béthune,,France,,
16874,Réal,Gauvin,Réal Gauvin,m,1935,Saint-Adalbert,Chaudière-Appalaches,Québec,46.864416,-69.898453
64711,René,Gauvreau,René Gauvreau,m,1954,Montréal,Montréal,Québec,45.5031824,-73.5698065
18317,François,Gendron,François Gendron,m,1944,Val-Paradis,Nord-du-Québec,Québec,49.154766,-79.291077
23744,Marie-Belle,Gendron,Marie-Belle Gendron,f,1981,Châteauguay,Montérégie,Québec,45.3602416,-73.749364
29578,Serge,Geoffrion,Serge Geoffrion,m,1955,Montréal,Montréal,Québec,45.5031824,-73.5698065
66329,Ruba,Ghazal,Ruba Ghazal,f,1977,,,Liban,,
99765,Clément,Gignac,Clément Gignac,m,1955,Saint-Gilbert,Capitale-Nationale,Québec,46.715621,-71.995125
31371,Pierre,Giguère,Pierre Giguère,m,1964,Shawinigan,Mauricie,Québec,46.5396581,-72.7518637
68250,Pierre,Gingras,Pierre Gingras,m,1952,Shawinigan-Sud,Mauricie,Québec,46.5184139,-72.7480689
42018,Eric,Girard,Eric Girard,m,1966,Sept-Îles,Côte-Nord,Québec,50.2109579,-66.3790642
57055,Éric,Girard,Éric Girard,m,1970,Alma,Saguenay–Lac-Saint-Jean,Québec,48.548887,-71.651459
44878,Jean-Denis,Girard,Jean-Denis Girard,m,1967,Trois-Rivières,Mauricie,Québec,46.3432325,-72.5428485
51369,Nicolas,Girard,Nicolas Girard,m,1972,Montréal,Montréal,Québec,45.5031824,-73.5698065
29921,Nadine,Girault,Nadine Girault,f,1959,,,États-Unis,,
99702,Jean-Claude,Gobé,Jean-Claude Gobé,m,1949,Charleville,,France,,
44661,Johanne,Gonthier,Johanne Gonthier,f,1953,Montréal,Montréal,Québec,45.5031824,-73.5698065
75892,Jean-François,Gosselin,Jean-François Gosselin,m,1975,Québec,Capitale-Nationale,Québec,46.8137431,-71.2084061
28628,Linda,Goupil,Linda Goupil,f,1961,Saint-Léon-de-Standon,Chaudière-Appalaches,Québec,46.4786359,-70.6179147
47882,Daniel,Goyer,Daniel Goyer,m,1953,Saint-Eustache,Laurentides,Québec,45.5646052,-73.8929714
51254,Etienne,Grandmont,Etienne Grandmont,m,1977,Trois-Rivières,Mauricie,Québec,46.3432325,-72.5428485
99506,Ginette,Grandmont,Ginette Grandmont,f,1945,Drummondville,Centre-du-Québec,Québec,45.8864303,-72.5018764
88176,Marie,Grégoire,Marie Grégoire,f,1965,Berthierville,Lanaudière,Québec,46.0828098,-73.1747099
62224,Agnès,Grondin,Agnès Grondin,f,1967,Lachute,Laurentides,Québec,45.6560478,-74.3401388
52460,Janvier,Grondin,Janvier Grondin,m,1947,Saint-Jules,Chaudière-Appalaches,Québec,46.223315,-70.947647
38811,Geneviève,Guilbault,Geneviève Guilbault,f,1982,Greenfield Park,Montérégie,Québec,45.4926624,-73.4870499
58039,Nancy,Guillemette,Nancy Guillemette,f,1968,Roberval,Saguenay–Lac-Saint-Jean,Québec,48.514785,-72.224808
28838,Jean,Habel,Jean Habel,m,1988,Montréal,Montréal,Québec,45.5031824,-73.5698065
19463,Sam,Hamad,Sam Hamad,m,1958,Damas,,Syrie,,
73700,France,Hamel,France Hamel,f,1952,Québec,Capitale-Nationale,Québec,46.8137431,-71.2084061
57003,Guy,Hardy,Guy Hardy,m,1950,Windsor,Estrie,Québec,45.5697799,-72.0034954
76718,Louise,Harel,Louise Harel,f,1946,Sainte-Thérèse,Laurentides,Québec,45.6342923,-73.8362379
14953,Céline,Haytayan,Céline Haytayan,f,1980,,,,,
68749,Geneviève,Hébert,Geneviève Hébert,f,1973,Sherbrooke,Estrie,Québec,45.403271,-71.889038
70954,Réjean,Hébert,Réjean Hébert,m,1955,Québec,Capitale-Nationale,Québec,46.8137431,-71.2084061
59202,David,Heurtel,David Heurtel,m,1971,Montréal,Montréal,Québec,45.5031824,-73.5698065
63101,Véronique,Hivon,Véronique Hivon,f,1970,Joliette,Lanaudière,Québec,46.0239798,-73.4419936
70450,Fatima,Houda-Pepin,Fatima Houda-Pepin,f,,Meknès,,Maroc,,
95698,Patrick,Huot,Patrick Huot,m,1975,Québec,Capitale-Nationale,Québec,46.8137431,-71.2084061
89595,Alexandre,Iracà,Alexandre Iracà,m,1970,Val-d'Or,Abitibi-Témiscamingue,Québec,48.1023356,-77.7875715
48416,Claire,IsaBelle,Claire IsaBelle,f,1962,Saint-Michel,Montérégie,Québec,45.2381816,-73.5699087
42171,François,Jacques,François Jacques,m,1970,Lac-Mégantic,Estrie,Québec,45.5772636,-70.8819927
66936,Yolande,James,Yolande James,f,1977,Montréal,Montréal,Québec,45.5031824,-73.5698065
90953,Mireille,Jean,Mireille Jean,f,1960,Jonquière,Saguenay–Lac-Saint-Jean,Québec,48.4342285,-71.2542735965741
47863,Chantale,Jeannotte,Chantale Jeannotte,f,1964,Montréal,Montréal,Québec,45.5031824,-73.5698065
98543,Monique,Jérôme-Forget,Monique Jérôme-Forget,f,1940,Montréal,Montréal,Québec,45.5031824,-73.5698065
67810,Simon,Jolin-Barrette,Simon Jolin-Barrette,m,1987,Mont-Saint-Hilaire,Montérégie,Québec,45.5623512,-73.1918864
24245,Jean-Pierre,Jolivet,Jean-Pierre Jolivet,m,1941,Montréal,Montréal,Québec,45.5031824,-73.5698065
42203,Guy,Julien,Guy Julien,m,1941,Montréal,Montréal,Québec,45.5031824,-73.5698065
85989,Jonatan,Julien,Jonatan Julien,m,1972,Québec,Capitale-Nationale,Québec,46.8137431,-71.2084061
17689,Normand,Jutras,Normand Jutras,m,1948,Drummondville,Centre-du-Québec,Québec,45.8864303,-72.5018764
18709,Pierre,Karl Péladeau,Pierre Karl Péladeau,m,1961,Montréal,Montréal,Québec,45.5031824,-73.5698065
77018,Geoffrey,Kelley,Geoffrey Kelley,m,1955,Montréal,Montréal,Québec,45.5031824,-73.5698065
37453,Gregory,Kelley,Gregory Kelley,m,1985,Montréal,Montréal,Québec,45.5031824,-73.5698065
15033,Amir,Khadir,Amir Khadir,m,1961,Téhéran,,Iran,,
79643,Robert,Kieffer,Robert Kieffer,m,1946,Montréal,Montréal,Québec,45.5031824,-73.5698065
93082,Maka,Kotto,Maka Kotto,m,1961,Douala,,Cameroun,,
95409,Charlotte,L'Écuyer,Charlotte L'Écuyer,f,1943,Smooth Rock Falls,,Ontario,,
42187,Claude,L'Écuyer,Claude L'Écuyer,m,1947,Saint-Hyacinthe,Montérégie,Québec,45.627484,-72.940636
41607,Gilles,Labbé,Gilles Labbé,m,1948,Montréal,Montréal,Québec,45.5031824,-73.5698065
94076,Christine,Labrie,Christine Labrie,f,1987,Sherbrooke,Estrie,Québec,45.403271,-71.889038
70534,Claude,Lachance,Claude Lachance,m,1945,Saint-Nazaire-de-Dorchester,Chaudière-Appalaches,Québec,46.5526259,-70.6617549
40365,Stéphanie,Lachance,Stéphanie Lachance,f,,,,,,
22961,Mathieu,Lacombe,Mathieu Lacombe,m,1988,Repentigny,Lanaudière,Québec,45.7326055,-73.4528307
59678,Andrée,Laforest,Andrée Laforest,f,1966,Chicoutimi,Saguenay–Lac-Saint-Jean,Québec,48.3370248,-71.12352613559267
27873,Mario,Laframboise,Mario Laframboise,m,1957,Notre-Dame-de-la-Paix,Outaouais,Québec,45.8081565,-74.9653748
13010,Ian,Lafrenière,Ian Lafrenière,m,1976,Granby,Estrie,Québec,45.3990409,-72.721834
32806,Réjean,Lafrenière,Réjean Lafrenière,m,1935,Messines,Outaouais,Québec,46.242077,-76.022301
15478,Sona,Lakhoyan Olivier,Sona Lakhoyan Olivier,f,,,,Liban,,
98140,Diane,Lamarre,Diane Lamarre,f,,,,,,
46092,André,Lamontagne,André Lamontagne,m,1960,Saint-Félicien,Saguenay–Lac-Saint-Jean,Québec,48.654232,-72.448654
10785,Denis,Lamothe,Denis Lamothe,m,1958,Trois-Rivières,Mauricie,Québec,46.3432325,-72.5428485
40995,Jean-Sébastien,Lamoureux,Jean-Sébastien Lamoureux,m,1974,Anjou,Montréal,Québec,45.6048982,-73.5466723
76516,Michèle,Lamquin-Éthier,Michèle Lamquin-Éthier,f,1946,Montréal,Montréal,Québec,45.5031824,-73.5698065
37543,Bernard,Landry,Bernard Landry,m,1937,Saint-Jacques,Lanaudière,Québec,45.9478798,-73.5696171
88806,Linda,Lapointe,Linda Lapointe,f,1960,Laval,Laval,Québec,45.60558895,-73.73456014508847
15538,Lisette,Lapointe,Lisette Lapointe,f,1943,Montréal,Montréal,Québec,45.5031824,-73.5698065
24390,Éric,Laporte,Éric Laporte,m,1976,Montréal,Montréal,Québec,45.5031824,-73.5698065
74445,Pierre-Étienne,Laporte,Pierre-Étienne Laporte,m,1934,Joliette,Lanaudière,Québec,46.0239798,-73.4419936
87180,Benoît,Laprise,Benoît Laprise,m,1932,Saint-Félicien,Saguenay–Lac-Saint-Jean,Québec,48.654232,-72.448654
22853,Élizabeth,Larouche,Élizabeth Larouche,f,1953,Val-d'Or,Abitibi-Témiscamingue,Québec,48.1023356,-77.7875715
38561,Lise,Lavallée,Lise Lavallée,f,1957,Saint-Cuthbert,Lanaudière,Québec,46.1502171,-73.2216781
34727,Stéphane,Le Bouyonnec,Stéphane Le Bouyonnec,m,1962,Falaise,,France,,
24022,Harold,LeBel,Harold LeBel,m,1962,Squatec,Bas-Saint-Laurent,Québec,47.8814362,-68.7253306
27676,Sonia,LeBel,Sonia LeBel,f,1968,Matane,Bas-Saint-Laurent,Québec,48.8468773,-67.5295498
55330,Diane,Leblanc,Diane Leblanc,f,1954,Saint-Jean-sur-Richelieu,Montérégie,Québec,45.3056879,-73.2533401
12061,Lucie,Leblanc,Lucie Leblanc,f,1962,Montréal,Montréal,Québec,45.5031824,-73.5698065
73742,Guy,Leclair,Guy Leclair,m,1968,Salaberry-de-Valleyfield,Montérégie,Québec,45.2555575,-74.1316718
64968,Isabelle,Lecours,Isabelle Lecours,f,1971,Québec,Capitale-Nationale,Québec,46.8137431,-71.2084061
85661,Lucie,Lecours,Lucie Lecours,f,1964,Repentigny,Lanaudière,Québec,45.7326055,-73.4528307
35550,Alexandre,Leduc,Alexandre Leduc,m,1984,Longueuil,Montérégie,Québec,45.521906,-73.4644578
13981,Lyse,Leduc,Lyse Leduc,f,1938,Montréal,Montréal,Québec,45.5031824,-73.5698065
20923,Elsie,Lefebvre,Elsie Lefebvre,f,1979,Montréal,Montréal,Québec,45.5031824,-73.5698065
25012,Eric,Lefebvre,Eric Lefebvre,m,1971,Victoriaville,Centre-du-Québec,Québec,46.0554948,-71.9598586
68685,Sylvain,Légaré,Sylvain Légaré,m,1970,Québec,Capitale-Nationale,Québec,46.8137431,-71.2084061
76511,Diane,Legault,Diane Legault,f,1956,Montréal,Montréal,Québec,45.5031824,-73.5698065
36662,François,Legault,François Legault,m,1957,Sainte-Anne-de-Bellevue,Montréal,Québec,45.4038563,-73.9523976
96510,Richard,Legendre,Richard Legendre,m,1953,Montmagny,Chaudière-Appalaches,Québec,46.9826328,-70.555916
69953,Nicole,Léger,Nicole Léger,f,1955,Montréal,Montréal,Québec,45.5031824,-73.5698065
85404,Gilles,Lehouillier,Gilles Lehouillier,m,1953,Lévis,Chaudière-Appalaches,Québec,46.8033114,-71.1778792
27897,Carlos,Leitão,Carlos Leitão,m,1956,,,Portugal,,
95816,Gaétan,Lelièvre,Gaétan Lelièvre,m,1962,Sainte-Thérèse-de-Gaspé,Gaspésie–Îles-de-la-Madeleine,Québec,48.4097472,-64.4163956
19642,Guy,Lelièvre,Guy Lelièvre,m,1952,Sainte-Thérèse-de-Gaspé,Gaspésie–Îles-de-la-Madeleine,Québec,48.4097472,-64.4163956
53590,Martin,Lemay,Martin Lemay,m,1964,Amos,Abitibi-Témiscamingue,Québec,48.5718519,-78.1160856
57487,Mathieu,Lemay,Mathieu Lemay,m,1979,Montréal,Montréal,Québec,45.5031824,-73.5698065
22095,Diane,Lemieux,Diane Lemieux,f,1961,Sherbrooke,Estrie,Québec,45.403271,-71.889038
89170,Louis,Lemieux,Louis Lemieux,m,1957,Québec,Capitale-Nationale,Québec,46.8137431,-71.2084061
54782,Jacques,Léonard,Jacques Léonard,m,1936,Saint-Jovite,Laurentides,Québec,46.11588,-74.5891426
74427,Sylvie,Lespérance,Sylvie Lespérance,f,1954,Jonquière,Saguenay–Lac-Saint-Jean,Québec,48.4342285,-71.2542735965741
43053,Laurent,Lessard,Laurent Lessard,m,1962,Thetford Mines,Chaudière-Appalaches,Québec,46.091329,-71.30127
55473,Émilise,Lessard-Therrien,Émilise Lessard-Therrien,f,1991,Duhamel-Ouest,Abitibi-Témiscamingue,Québec,47.3132002,-79.4347244
59212,Michel,Létourneau,Michel Létourneau,m,1949,Montréal,Montréal,Québec,45.5031824,-73.5698065
90471,Christian,Lévesque,Christian Lévesque,m,1970,Lévis,Chaudière-Appalaches,Québec,46.8033114,-71.1778792
92562,Mathieu,Lévesque,Mathieu Lévesque,m,1988,Gatineau,Outaouais,Québec,45.4277659,-75.710976
99121,Sylvain,Lévesque,Sylvain Lévesque,m,1973,Lac-Mégantic,Estrie,Québec,45.5772636,-70.8819927
97834,Jean-François,Lisée,Jean-François Lisée,m,1958,Thetford Mines,Chaudière-Appalaches,Québec,46.091329,-71.30127
40132,Nicole,Loiselle,Nicole Loiselle,f,1954,Montréal,Montréal,Québec,45.5031824,-73.5698065
31151,Jennifer,Maccarone,Jennifer Maccarone,f,,,,,,
80903,Cosmo,Maciocia,Cosmo Maciocia,m,1942,Cantalupo,,Italie,,
11237,Norman,MacMillan,Norman MacMillan,m,1947,Buckingham,Outaouais,Québec,45.5864671,-75.4168252
54584,Marie,Malavoy,Marie Malavoy,f,1948,Berlin,,Allemagne de l'Ouest,,
63659,Carole,Mallette,Carole Mallette,f,1981,LaSalle,Montréal,Québec,45.4325141,-73.6292667
93238,Agnès,Maltais,Agnès Maltais,f,1956,Sault-au-Mouton,Côte-Nord,Québec,48.5369169,-69.259044
39026,Georges,Mamelonet,Georges Mamelonet,m,1954,Casablanca,,Maroc,,
83451,Anna,Mancuso,Anna Mancuso,f,1971,Montréal,Montréal,Québec,45.5031824,-73.5698065
91526,Nicolas,Marceau,Nicolas Marceau,m,1964,Montréal,Montréal,Québec,45.5031824,-73.5698065
20436,Jacques,Marcotte,Jacques Marcotte,m,1945,Sainte-Catherine-de-la-Jacques-Cartier,Capitale-Nationale,Québec,46.8443807,-71.615023
52046,Yvon,Marcoux,Yvon Marcoux,m,1941,Saint-Lambert-de-Lauzon,Chaudière-Appalaches,Québec,46.58671,-71.213379
86045,Vincent,Marissal,Vincent Marissal,m,1968,Granby,Estrie,Québec,45.3990409,-72.721834
95075,Pauline,Marois,Pauline Marois,f,1949,Québec,Capitale-Nationale,Québec,46.8137431,-71.2084061
36539,Pierre,Marsan,Pierre Marsan,m,1948,Montréal,Montréal,Québec,45.5031824,-73.5698065
40328,Donald,Martel,Donald Martel,m,1964,Grand-Mère,Mauricie,Québec,46.612894,-72.69516
68409,Manon,Massé,Manon Massé,f,1963,Windsor,Estrie,Québec,45.5697799,-72.0034954
46350,Michel,Matte,Michel Matte,m,1949,Saint-Alban,Capitale-Nationale,Québec,46.71821,-72.078896
28898,Danielle,McCann,Danielle McCann,f,1952,,,Québec,,
13966,Désirée,McGraw,Désirée McGraw,f,1970,Montréal,Montréal,Québec,45.5031824,-73.5698065
76485,Scott,McKay,Scott McKay,m,1960,Montréal-Est,Montréal,Québec,45.6309797,-73.4977437
57403,Isabelle,Melançon,Isabelle Melançon,f,1974,Montréal,Montréal,Québec,45.5031824,-73.5698065
34326,Nicole,Ménard,Nicole Ménard,f,1948,Saint-Constant,Montérégie,Québec,45.3724897,-73.5704589
47471,Serge,Ménard,Serge Ménard,m,1941,Montréal,Montréal,Québec,45.5031824,-73.5698065
13459,Éric,Mercier,Éric Mercier,m,1967,Québec,Capitale-Nationale,Québec,46.8137431,-71.2084061
11874,Richard,Merlini,Richard Merlini,m,1965,Montréal,Montréal,Québec,45.5031824,-73.5698065
65166,Lucille,Méthé,Lucille Méthé,f,1957,Henryville,Montérégie,Québec,45.137008,-73.191605
21188,Robert,Middlemiss,Robert Middlemiss,m,1935,Aylmer,Outaouais,Québec,45.3950895,-75.8442452
19373,Yves,Montigny,Yves Montigny,m,1971,Baie-Comeau,Côte-Nord,Québec,49.2118373,-68.1801406
13539,Marie,Montpetit,Marie Montpetit,f,1979,Sainte-Marthe,Montérégie,Québec,45.4058059,-74.2970407
47638,Johanne,Morasse,Johanne Morasse,f,1957,Duparquet,Abitibi-Témiscamingue,Québec,48.5026134,-79.2224096
63064,Pierre,Moreau,Pierre Moreau,m,1957,Verchères,Montérégie,Québec,45.7727845,-73.355442
10478,André,Morin,André Morin,m,1961,Montréal,Montréal,Québec,45.5031824,-73.5698065
95110,Claude,Morin,Claude Morin,m,1953,Saint-Gédéon-de-Beauce,Chaudière-Appalaches,Québec,45.853434,-70.641747
79460,Michel,Morin,Michel Morin,m,1948,Saint-Célestin,Centre-du-Québec,Québec,46.2000308,-72.42299584667924
21201,Norbert,Morin,Norbert Morin,m,1945,Saint-François-de-la-Rivière-du-Sud,Chaudière-Appalaches,Québec,46.887181,-70.714531
39777,Catherine,Morissette,Catherine Morissette,f,1979,Québec,Capitale-Nationale,Québec,46.8137431,-71.2084061
74593,Thomas,Mulcair,Thomas Mulcair,m,1954,Ottawa,,Ontario,,
44263,Gabriel,Nadeau-Dubois,Gabriel Nadeau-Dubois,m,1990,Montréal,Montréal,Québec,45.5031824,-73.5698065
48329,Marie-Claude,Nichols,Marie-Claude Nichols,f,1973,Terrebonne,Lanaudière,Québec,45.7081005,-73.6515157
98588,Nathalie,Normandeau,Nathalie Normandeau,f,1968,Maria,Gaspésie–Îles-de-la-Madeleine,Québec,48.1741357,-65.9822498
65232,Martin,Ouellet,Martin Ouellet,m,1977,Baie-Comeau,Côte-Nord,Québec,49.2118373,-68.1801406
78559,Martine,Ouellet,Martine Ouellet,f,1969,Longueuil,Montérégie,Québec,45.521906,-73.4644578
59145,Guy,Ouellette,Guy Ouellette,m,1951,Sherbrooke,Estrie,Québec,45.403271,-71.889038
38679,François,Ouimet,François Ouimet,m,1959,Montréal,Montréal,Québec,45.5031824,-73.5698065
52470,Gilles,Ouimet,Gilles Ouimet,m,1962,Montréal,Montréal,Québec,45.5031824,-73.5698065
46095,Sylvain,Pagé,Sylvain Pagé,m,1961,Mont-Laurier,Laurentides,Québec,46.5524071,-75.4968899
71045,Lucie,Papineau,Lucie Papineau,f,1946,Laval-des-Rapides,Laval,Québec,45.5564172,-73.7005593
24488,Alain,Paquet,Alain Paquet,m,1961,Québec,Capitale-Nationale,Québec,46.8137431,-71.2084061
34534,Jean-Pierre,Paquin,Jean-Pierre Paquin,m,1948,Montréal,Montréal,Québec,45.5031824,-73.5698065
23348,Roger,Paquin,Roger Paquin,m,1947,Montréal,Montréal,Québec,45.5031824,-73.5698065
36496,François,Paradis,François Paradis,m,1957,Sorel,Montérégie,Québec,46.044404,-73.104744
21110,Pascal,Paradis,Pascal Paradis,m,1970,,,,,
93523,Pierre,Paradis,Pierre Paradis,m,1950,Bedford,Estrie,Québec,45.120537,-72.988701
52128,Jean-Guy,Paré,Jean-Guy Paré,m,1947,Warwick,Centre-du-Québec,Québec,45.945659,-71.990662
26355,David,Payne,David Payne,m,1944,Middlesbrough,,Angleterre,,
63012,André,Pelletier,André Pelletier,m,1941,Évain,Abitibi-Témiscamingue,Québec,48.2406459,-79.1302938
25785,Benoît,Pelletier,Benoît Pelletier,m,1960,Québec,Capitale-Nationale,Québec,46.8137431,-71.2084061
45938,Émilien,Pelletier,Émilien Pelletier,m,1945,Rivière-Bleue,Bas-Saint-Laurent,Québec,47.434126,-69.044952
51468,Irvin,Pelletier,Irvin Pelletier,m,1946,Sayabec,Bas-Saint-Laurent,Québec,48.566157,-67.688141
36692,Robert,Perreault,Robert Perreault,m,1947,Sainte-Anne-de-la-Pérade,Mauricie,Québec,46.5714957,-72.2086114
36811,Sarah,Perreault,Sarah Perreault,f,1962,Chicoutimi,Saguenay–Lac-Saint-Jean,Québec,48.3370248,-71.12352613559267
92340,Méganne,Perry Mélançon,Méganne Perry Mélançon,f,1990,Gaspé,Gaspésie–Îles-de-la-Madeleine,Québec,48.8317223,-64.4837569
71570,Marc,Picard,Marc Picard,m,1955,Saint-Raphaël,Chaudière-Appalaches,Québec,46.795594,-70.755386
81431,Marilyne,Picard,Marilyne Picard,f,1982,,,,,
89478,Michel,Pigeon,Michel Pigeon,m,1945,Québec,Capitale-Nationale,Québec,46.8137431,-71.2084061
38517,Claude,Pinard,Claude Pinard,m,1949,Shawinigan-Sud,Mauricie,Québec,46.5184139,-72.7480689
15785,Marc,Plante,Marc Plante,m,1981,Sainte-Angèle-de-Prémont,Mauricie,Québec,46.363041,-73.057709
98781,Robert,Poëti,Robert Poëti,m,1955,Montréal,Montréal,Québec,45.5031824,-73.5698065
77650,Carole,Poirier,Carole Poirier,f,1958,Montréal,Montréal,Québec,45.5031824,-73.5698065
35407,Saul,Polo,Saul Polo,m,1975,,,Colombie,,
79155,Isabelle,Poulet,Isabelle Poulet,f,1968,Montréal,Montréal,Québec,45.5031824,-73.5698065
19808,Normand,Poulin,Normand Poulin,m,1954,Beauceville,Chaudière-Appalaches,Québec,46.210725,-70.774269
31526,Samuel,Poulin,Samuel Poulin,m,1991,,,Maroc,,
89124,Elisabeth,Prass,Elisabeth Prass,f,1979,Montréal,Montréal,Québec,45.5031824,-73.5698065
52013,Caroline,Proulx,Caroline Proulx,f,1966,Saint-Jean-de-Matha,Lanaudière,Québec,46.230203,-73.534927
64664,Marie-Eve,Proulx,Marie-Eve Proulx,f,,Saint-Pierre-de-la-Rivière-du-Sud,Chaudière-Appalaches,Québec,46.9138596,-70.6254264
85377,Sébastien,Proulx,Sébastien Proulx,m,1975,Montréal,Montréal,Québec,45.5031824,-73.5698065
76843,Suzanne,Proulx,Suzanne Proulx,f,1959,Laval,Laval,Québec,45.60558895,-73.73456014508847
15219,Luc,Provençal,Luc Provençal,m,1955,Beauceville,Chaudière-Appalaches,Québec,46.210725,-70.774269
97310,Daniel,Ratthé,Daniel Ratthé,m,1956,Chicoutimi,Saguenay–Lac-Saint-Jean,Québec,48.3370248,-71.12352613559267
82538,François,Rebello,François Rebello,m,1970,Montréal,Montréal,Québec,45.5031824,-73.5698065
82137,Claude,Reid,Claude Reid,m,1964,Valleyfield,Montérégie,Québec,45.2555575,-74.1316718
77464,Pierre,Reid,Pierre Reid,m,1948,Jonquière,Saguenay–Lac-Saint-Jean,Québec,48.4342285,-71.2542735965741
39256,Jeannine,Richard,Jeannine Richard,f,1952,Montréal,Montréal,Québec,45.5031824,-73.5698065
66902,Lorraine,Richard,Lorraine Richard,f,1959,Havre-Saint-Pierre,Côte-Nord,Québec,50.2463647,-63.6003951
24877,Monique,Richard,Monique Richard,f,1947,Jonquière,Saguenay–Lac-Saint-Jean,Québec,48.4342285,-71.2542735965741
32682,Roland,Richer,Roland Richer,m,1941,Wentworth-Nord,Laurentides,Québec,45.833802500000004,-74.47034247027358
18561,André,Riedl,André Riedl,m,1940,Montréal,Montréal,Québec,45.5031824,-73.5698065
10575,Jean,Rioux,Jean Rioux,m,1953,Trois-Rivières,Mauricie,Québec,46.3432325,-72.5428485
38300,Matthias,Rioux,Matthias Rioux,m,1934,Rivière-à-Claude,Gaspésie–Îles-de-la-Madeleine,Québec,49.15216075,-65.87309048582713
56345,Mathieu,Rivest,Mathieu Rivest,m,1967,Beauport,Capitale-Nationale,Québec,46.90711055,-71.21279691763314
14401,Marwah,Rizqy,Marwah Rizqy,f,1985,Montréal,Montréal,Québec,45.5031824,-73.5698065
52260,Jean-François,Roberge,Jean-François Roberge,m,1974,,Montérégie,Québec,,
14208,Gilles,Robert,Gilles Robert,m,1955,Saint-Jérôme,Laurentides,Québec,45.775426,-74.013176
38271,Hélène,Robert,Hélène Robert,f,1945,Sainte-Scholastique,Laurentides,Québec,45.652928,-74.093513
62692,Paule,Robitaille,Paule Robitaille,f,1962,Québec,Capitale-Nationale,Québec,46.8137431,-71.2084061
92769,Nathalie,Rochefort,Nathalie Rochefort,f,1970,Québec,Capitale-Nationale,Québec,46.8137431,-71.2084061
44062,Jean,Rochon,Jean Rochon,m,1938,Montréal,Montréal,Québec,45.5031824,-73.5698065
80605,Sylvain,Rochon,Sylvain Rochon,m,1961,Sorel-Tracy,Montérégie,Québec,46.044404,-73.104744
30644,Filomena,Rotiroti,Filomena Rotiroti,f,1974,Montréal,Montréal,Québec,45.5031824,-73.5698065
56363,Chantal,Rouleau,Chantal Rouleau,f,1959,Repentigny,Lanaudière,Québec,45.7326055,-73.4528307
61713,Jean,Rousselle,Jean Rousselle,m,1953,Montréal,Montréal,Québec,45.5031824,-73.5698065
90724,Jean-François,Roux,Jean-François Roux,m,1973,Victoriaville,Centre-du-Québec,Québec,46.0554948,-71.9598586
42930,Claude,Roy,Claude Roy,m,1952,Montmagny,Chaudière-Appalaches,Québec,46.9826328,-70.555916
94349,Nathalie,Roy,Nathalie Roy,f,1964,New Carlisle,Gaspésie–Îles-de-la-Madeleine,Québec,48.008789,-65.324508
29097,Suzanne,Roy,Suzanne Roy,f,1962,Sherbrooke,Estrie,Québec,45.403271,-71.889038
13225,Sylvain,Roy,Sylvain Roy,m,1964,Saint-Jean,,Nouveau-Brunswick,,
27626,Sylvie,Roy,Sylvie Roy,f,1964,La Tuque,Mauricie,Québec,47.441092,-72.78511
41363,Monique,Roy Verville,Monique Roy Verville,f,1961,Verdun,Montréal,Québec,45.459078,-73.5731774
96522,Claire,Samson,Claire Samson,f,1955,Montréal,Montréal,Québec,45.5031824,-73.5698065
43941,Monique,Sauvé,Monique Sauvé,f,1960,Montréal,Montréal,Québec,45.5031824,-73.5698065
93280,Valérie,Schmaltz,Valérie Schmaltz,f,,Strasbourg,,France,,
94803,Sébastien,Schneeberger,Sébastien Schneeberger,m,1973,,,Suisse,,
31656,Yves,Séguin,Yves Séguin,m,1951,Val-d'Or,Abitibi-Témiscamingue,Québec,48.1023356,-77.7875715
59276,Michelle,Setlakwe,Michelle Setlakwe,f,1973,Thetford Mines,Chaudière-Appalaches,Québec,46.091329,-71.30127
88331,Céline,Signori,Céline Signori,f,1938,Saint-Jean-sur-Richelieu,Montérégie,Québec,45.3056879,-73.2533401
95732,André,Simard,André Simard,m,1953,Normandin,Saguenay–Lac-Saint-Jean,Québec,48.837153,-72.529678
23400,Caroline,Simard,Caroline Simard,f,1974,Baie-Saint-Paul,Capitale-Nationale,Québec,47.444343,-70.505447
34867,Jean-François,Simard,Jean-François Simard,m,1966,Québec,Capitale-Nationale,Québec,46.8137431,-71.2084061
80983,Serge,Simard,Serge Simard,m,1950,Chicoutimi,Saguenay–Lac-Saint-Jean,Québec,48.3370248,-71.12352613559267
46675,Sylvain,Simard,Sylvain Simard,m,1945,Chicoutimi,Saguenay–Lac-Saint-Jean,Québec,48.3370248,-71.12352613559267
18976,Christos,Sirros,Christos Sirros,m,1948,Athènes,,Grèce,,
53703,Christopher,Skeete,Christopher Skeete,m,1979,Montréal,Montréal,Québec,45.5031824,-73.5698065
30893,Gerry,Sklavounos,Gerry Sklavounos,m,1974,Montréal,Montréal,Québec,45.5031824,-73.5698065
56492,Chantal,Soucy,Chantal Soucy,f,1974,Saint-Rémi,Montérégie,Québec,45.2591064,-73.6188315
75431,Jean-Pierre,Soucy,Jean-Pierre Soucy,m,1952,Québec,Capitale-Nationale,Québec,46.8137431,-71.2084061
44669,André,Spénard,André Spénard,m,1950,Thetford Mines,Chaudière-Appalaches,Québec,46.091329,-71.30127
39106,Danielle,St-Amand,Danielle St-Amand,f,1964,Sainte-Thècle,Mauricie,Québec,46.8152514,-72.5062351
27087,Jean-Claude,St-André,Jean-Claude St-André,m,1962,Montréal,Montréal,Québec,45.5031824,-73.5698065
73049,Bertrand,St-Arnaud,Bertrand St-Arnaud,m,1958,Montréal,Montréal,Québec,45.5031824,-73.5698065
12830,Yves,St-Denis,Yves St-Denis,m,1963,Brownsburg,Laurentides,Québec,45.676516,-74.4046061
61414,Michelyne,St-Laurent,Michelyne St-Laurent,f,1948,Québec,Capitale-Nationale,Québec,46.8137431,-71.2084061
38470,François,St-Louis,François St-Louis,m,1967,Joliette,Lanaudière,Québec,46.0239798,-73.4419936
10162,Christine,St-Pierre,Christine St-Pierre,f,1953,Saint-Roch-des-Aulnaies,Chaudière-Appalaches,Québec,47.3111669,-70.1775045
51408,Paul,St-Pierre Plamondon,Paul St-Pierre Plamondon,m,1977,Trois-Rivières,Mauricie,Québec,46.3432325,-72.5428485
12881,Stéphane,Sainte-Croix,Stéphane Sainte-Croix,m,1969,Rimouski,Bas-Saint-Laurent,Québec,48.450155,-68.529968
98383,Claude,Surprenant,Claude Surprenant,m,1963,,,,,
24468,Gilles,Taillon,Gilles Taillon,m,1945,Saint-Jérôme,Laurentides,Québec,45.775426,-74.013176
39080,Marc,Tanguay,Marc Tanguay,m,1973,,,,,
11290,Denis,Tardif,Denis Tardif,m,,,,,,
16799,Marie-Louise,Tardif,Marie-Louise Tardif,f,,Sainte-Anne-de-la-Pocatière,Bas-Saint-Laurent,Québec,47.34799075,-70.00387120304163
71694,Carole,Théberge,Carole Théberge,f,1953,Saint-Philémon,Chaudière-Appalaches,Québec,46.682892,-70.454636
13522,Lise,Thériault,Lise Thériault,f,1966,Toronto,,Ontario,,
76951,Luc,Thériault,Luc Thériault,m,1960,Montréal,Montréal,Québec,45.5031824,-73.5698065
44366,Alain,Therrien,Alain Therrien,m,1966,Verdun,Montréal,Québec,45.459078,-73.5731774
93311,Jean-François,Therrien,Jean-François Therrien,m,1969,Québec,Capitale-Nationale,Québec,46.8137431,-71.2084061
92457,Louis-Charles,Thouin,Louis-Charles Thouin,m,1971,,,,,
92888,Tony,Tomassi,Tony Tomassi,m,1971,Montréal,Montréal,Québec,45.5031824,-73.5698065
77496,André,Tranchemontagne,André Tranchemontagne,m,1939,Montréal,Montréal,Québec,45.5031824,-73.5698065
19478,Mathieu,Traversy,Mathieu Traversy,m,1984,Mascouche,Lanaudière,Québec,45.7453521,-73.6005591
52166,François,Tremblay,François Tremblay,m,1970,Chicoutimi,Saguenay–Lac-Saint-Jean,,,
41246,Guillaume,Tremblay,Guillaume Tremblay,m,1984,Mascouche,Lanaudière,Québec,45.7453521,-73.6005591
78050,Stéphan,Tremblay,Stéphan Tremblay,m,1973,Alma,Saguenay–Lac-Saint-Jean,Québec,48.548887,-71.651459
86777,Suzanne,Tremblay,Suzanne Tremblay,f,1977,Chicoutimi-Nord,Saguenay–Lac-Saint-Jean,Québec,48.4382053,-71.0750109
20978,Véronyque,Tremblay,Véronyque Tremblay,f,1974,Jonquière,Saguenay–Lac-Saint-Jean,Québec,48.4342285,-71.2542735965741
61824,Denis,Trottier,Denis Trottier,m,1952,Dolbeau-Mistassini,Saguenay–Lac-Saint-Jean,Québec,48.883231,-72.233734
90859,Denise,Trudel,Denise Trudel,f,1955,Alma,Saguenay–Lac-Saint-Jean,Québec,48.548887,-71.651459
89845,Luc,Trudel,Luc Trudel,m,1970,Shawinigan,Mauricie,Québec,46.5396581,-72.7518637
36819,Rémy,Trudel,Rémy Trudel,m,1948,Sainte-Thècle,Mauricie,Québec,46.8152514,-72.5062351
93789,Dave,Turcotte,Dave Turcotte,m,1983,Longueuil,Montérégie,Québec,45.521906,-73.4644578
62145,Daniel,Turp,Daniel Turp,m,1955,Verdun,Montréal,Québec,45.459078,-73.5731774
18111,Stéphanie,Vallée,Stéphanie Vallée,f,1971,Sherbrooke,Estrie,Québec,45.403271,-71.889038
61332,Karine,Vallières,Karine Vallières,f,1978,Danville,Estrie,Québec,45.7856014,-72.0156005
98601,Yvon,Vallières,Yvon Vallières,m,1949,Danville,Estrie,Québec,45.7856014,-72.0156005
69171,Jonathan,Valois,Jonathan Valois,m,1971,Sorel,Montérégie,Québec,46.044404,-73.104744
57060,Cécile,Vermette,Cécile Vermette,f,1945,Montréal,Montréal,Québec,45.5031824,-73.5698065
34408,Dominique,Vien,Dominique Vien,f,1967,Lévis,Chaudière-Appalaches,Québec,46.8033114,-71.1778792
35429,André,Villeneuve,André Villeneuve,m,1961,Lavaltrie,Lanaudière,Québec,45.883078,-73.282242
30229,Alexis,Wawanoloath,Alexis Wawanoloath,m,1982,Val-d'Or,Abitibi-Témiscamingue,Québec,48.1023356,-77.7875715
66766,Kathleen,Weil,Kathleen Weil,f,1954,Montréal,Montréal,Québec,45.5031824,-73.5698065
65862,David,Whissell,David Whissell,m,1967,Montréal,Montréal,Québec,45.5031824,-73.5698065
95674,Russell,Williams,Russell Williams,m,1953,London,,Ontario,,
16275,Alejandra,Zaga Mendez,Alejandra Zaga Mendez,f,1988,,,Pérou,,
61820,Élaine,Zakaïb,Élaine Zakaïb,f,1959,Sorel,Montérégie,Québec,46.044404,-73.104744
76572,Sol,Zanetti,Sol Zanetti,m,1982,Québec,Capitale-Nationale,Québec,46.8137431,-71.2084061
